Sequence length	Trial time
1	1.9230000972747803
1	3.5209999084472656
